"","marker01","marker02","marker03","marker04","marker05","marker06","marker07","marker08","marker09","marker10"
"X",0.195595003287311,0.198971968202737,0.195714541868388,0.202169625246548,0.197388082003467,0.00164365548980934,0.00233100233100233,0.00233100233100233,0.0019723865877712,0.00188273265196342
"Y",0.0191711851278079,0.019848954298993,0.0203330751355538,0.0783307513555383,0.0765879163439194,0.181932610379551,0.184450038729667,0.13797443841983,0.14204105344694,0.1393299767622
