"country","n_screens","percent_infected","percent_male","percent_female"
"X",19982,0.782203983585227,0.503102792513262,0.496897207486738
"Y",19762,0.346523631211416,0.499949397834227,0.500050602165773
