"country","screens","percent_infect","percent_female","percent_male"
"X",19982,78.2203983585227,49.6897207486738,50.3102792513262
"Y",19762,34.6523631211416,50.0050602165773,49.9949397834227
